{
  "binds": {
    "0": {
      "type": "KEYBOARD",
      "jid": -1,
      "code": 87,
      "isBoolean": true,
      "mouseSpeed": 1.0,
      "velocityMode": false,
      "minDeadzone": 0.0,
      "maxDeadzone": 1.0
    },
    "1": {
      "type": "KEYBOARD",
      "jid": -1,
      "code": 83,
      "isBoolean": true,
      "mouseSpeed": 1.0,
      "velocityMode": false,
      "minDeadzone": 0.0,
      "maxDeadzone": 1.0
    },
    "2": {
      "type": "KEYBOARD",
      "jid": -1,
      "code": 81,
      "isBoolean": true,
      "mouseSpeed": 1.0,
      "velocityMode": false,
      "minDeadzone": 0.0,
      "maxDeadzone": 1.0
    },
    "3": {
      "type": "KEYBOARD",
      "jid": -1,
      "code": 69,
      "isBoolean": true,
      "mouseSpeed": 1.0,
      "velocityMode": false,
      "minDeadzone": 0.0,
      "maxDeadzone": 1.0
    },
    "4": {
      "type": "KEYBOARD",
      "jid": -1,
      "code": 32,
      "isBoolean": true,
      "mouseSpeed": 1.0,
      "velocityMode": false,
      "minDeadzone": 0.0,
      "maxDeadzone": 1.0
    },
    "5": {
      "type": "KEYBOARD",
      "jid": -1,
      "code": 341,
      "isBoolean": true,
      "mouseSpeed": 1.0,
      "velocityMode": false,
      "minDeadzone": 0.0,
      "maxDeadzone": 1.0
    },
    "6": {
      "type": "KEYBOARD",
      "jid": -1,
      "code": 65,
      "isBoolean": true,
      "mouseSpeed": 1.0,
      "velocityMode": false,
      "minDeadzone": 0.0,
      "maxDeadzone": 1.0
    },
    "7": {
      "type": "KEYBOARD",
      "jid": -1,
      "code": 68,
      "isBoolean": true,
      "mouseSpeed": 1.0,
      "velocityMode": false,
      "minDeadzone": 0.0,
      "maxDeadzone": 1.0
    },
    "8": {
      "type": "MOUSE_MOVEMENT_NX",
      "jid": -1,
      "code": 0,
      "isBoolean": false,
      "mouseSpeed": 1.0,
      "velocityMode": false,
      "minDeadzone": 0.0,
      "maxDeadzone": 1.0
    },
    "9": {
      "type": "MOUSE_MOVEMENT_X",
      "jid": -1,
      "code": 0,
      "isBoolean": false,
      "mouseSpeed": 1.0,
      "velocityMode": false,
      "minDeadzone": 0.0,
      "maxDeadzone": 1.0
    },
    "10": {
      "type": "MOUSE_MOVEMENT_NY",
      "jid": -1,
      "code": 0,
      "isBoolean": false,
      "mouseSpeed": 1.0,
      "velocityMode": false,
      "minDeadzone": 0.0,
      "maxDeadzone": 1.0
    },
    "11": {
      "type": "MOUSE_MOVEMENT_Y",
      "jid": -1,
      "code": 0,
      "isBoolean": false,
      "mouseSpeed": 1.0,
      "velocityMode": false,
      "minDeadzone": 0.0,
      "maxDeadzone": 1.0
    },
    "12": {
      "type": "MOUSE_CLICK",
      "jid": -1,
      "code": 0,
      "isBoolean": true,
      "mouseSpeed": 1.0,
      "velocityMode": false,
      "minDeadzone": 0.0,
      "maxDeadzone": 1.0
    },
    "13": {
      "type": "MOUSE_CLICK",
      "jid": -1,
      "code": 1,
      "isBoolean": true,
      "mouseSpeed": 1.0,
      "velocityMode": false,
      "minDeadzone": 0.0,
      "maxDeadzone": 1.0
    },
    "14": {
      "type": "KEYBOARD",
      "jid": -1,
      "code": 340,
      "isBoolean": true,
      "mouseSpeed": 1.0,
      "velocityMode": false,
      "minDeadzone": 0.0,
      "maxDeadzone": 1.0
    },
    "15": {
      "type": "KEYBOARD",
      "jid": -1,
      "code": 90,
      "isBoolean": true,
      "mouseSpeed": 1.0,
      "velocityMode": false,
      "minDeadzone": 0.0,
      "maxDeadzone": 1.0
    },
    "16": {
      "type": "KEYBOARD",
      "jid": -1,
      "code": 257,
      "isBoolean": true,
      "mouseSpeed": 1.0,
      "velocityMode": false,
      "minDeadzone": 0.0,
      "maxDeadzone": 1.0
    },
    "17": {
      "type": "KEYBOARD",
      "jid": -1,
      "code": 259,
      "isBoolean": true,
      "mouseSpeed": 1.0,
      "velocityMode": false,
      "minDeadzone": 0.0,
      "maxDeadzone": 1.0
    },
    "18": {
      "type": "KEYBOARD",
      "jid": -1,
      "code": 89,
      "isBoolean": true,
      "mouseSpeed": 1.0,
      "velocityMode": false,
      "minDeadzone": 0.0,
      "maxDeadzone": 1.0
    },
    "19": {
      "type": "KEYBOARD",
      "jid": -1,
      "code": 82,
      "isBoolean": true,
      "mouseSpeed": 1.0,
      "velocityMode": false,
      "minDeadzone": 0.0,
      "maxDeadzone": 1.0
    },
    "20": {
      "type": "KEYBOARD",
      "jid": -1,
      "code": 334,
      "isBoolean": true,
      "mouseSpeed": 1.0,
      "velocityMode": false,
      "minDeadzone": 0.0,
      "maxDeadzone": 1.0
    },
    "21": {
      "type": "KEYBOARD",
      "jid": -1,
      "code": 333,
      "isBoolean": true,
      "mouseSpeed": 1.0,
      "velocityMode": false,
      "minDeadzone": 0.0,
      "maxDeadzone": 1.0
    },
    "22": {
      "type": "KEYBOARD",
      "jid": -1,
      "code": 265,
      "isBoolean": true,
      "mouseSpeed": 1.0,
      "velocityMode": false,
      "minDeadzone": 0.0,
      "maxDeadzone": 1.0
    },
    "23": {
      "type": "KEYBOARD",
      "jid": -1,
      "code": 264,
      "isBoolean": true,
      "mouseSpeed": 1.0,
      "velocityMode": false,
      "minDeadzone": 0.0,
      "maxDeadzone": 1.0
    },
    "24": {
      "type": "KEYBOARD",
      "jid": -1,
      "code": 67,
      "isBoolean": true,
      "mouseSpeed": 1.0,
      "velocityMode": false,
      "minDeadzone": 0.0,
      "maxDeadzone": 1.0
    },
    "25": {
      "type": "KEYBOARD",
      "jid": -1,
      "code": 61,
      "isBoolean": true,
      "mouseSpeed": 1.0,
      "velocityMode": false,
      "minDeadzone": 0.0,
      "maxDeadzone": 1.0
    },
    "26": {
      "type": "KEYBOARD",
      "jid": -1,
      "code": 45,
      "isBoolean": true,
      "mouseSpeed": 1.0,
      "velocityMode": false,
      "minDeadzone": 0.0,
      "maxDeadzone": 1.0
    },
    "27": {
      "type": "KEYBOARD",
      "jid": -1,
      "code": 74,
      "isBoolean": true,
      "mouseSpeed": 1.0,
      "velocityMode": false,
      "minDeadzone": 0.0,
      "maxDeadzone": 1.0
    },
    "28": {
      "type": "KEYBOARD",
      "jid": -1,
      "code": 75,
      "isBoolean": true,
      "mouseSpeed": 1.0,
      "velocityMode": false,
      "minDeadzone": 0.0,
      "maxDeadzone": 1.0
    },
    "29": {
      "type": "KEYBOARD",
      "jid": -1,
      "code": 88,
      "isBoolean": true,
      "mouseSpeed": 1.0,
      "velocityMode": false,
      "minDeadzone": 0.0,
      "maxDeadzone": 1.0
    },
    "30": {
      "type": "KEYBOARD",
      "jid": -1,
      "code": 48,
      "isBoolean": true,
      "mouseSpeed": 1.0,
      "velocityMode": false,
      "minDeadzone": 0.0,
      "maxDeadzone": 1.0
    },
    "31": {
      "type": "KEYBOARD",
      "jid": -1,
      "code": 49,
      "isBoolean": true,
      "mouseSpeed": 1.0,
      "velocityMode": false,
      "minDeadzone": 0.0,
      "maxDeadzone": 1.0
    },
    "32": {
      "type": "KEYBOARD",
      "jid": -1,
      "code": 50,
      "isBoolean": true,
      "mouseSpeed": 1.0,
      "velocityMode": false,
      "minDeadzone": 0.0,
      "maxDeadzone": 1.0
    },
    "33": {
      "type": "KEYBOARD",
      "jid": -1,
      "code": 51,
      "isBoolean": true,
      "mouseSpeed": 1.0,
      "velocityMode": false,
      "minDeadzone": 0.0,
      "maxDeadzone": 1.0
    },
    "34": {
      "type": "KEYBOARD",
      "jid": -1,
      "code": 52,
      "isBoolean": true,
      "mouseSpeed": 1.0,
      "velocityMode": false,
      "minDeadzone": 0.0,
      "maxDeadzone": 1.0
    },
    "35": {
      "type": "KEYBOARD",
      "jid": -1,
      "code": 53,
      "isBoolean": true,
      "mouseSpeed": 1.0,
      "velocityMode": false,
      "minDeadzone": 0.0,
      "maxDeadzone": 1.0
    },
    "36": {
      "type": "KEYBOARD",
      "jid": -1,
      "code": 54,
      "isBoolean": true,
      "mouseSpeed": 1.0,
      "velocityMode": false,
      "minDeadzone": 0.0,
      "maxDeadzone": 1.0
    },
    "37": {
      "type": "KEYBOARD",
      "jid": -1,
      "code": 55,
      "isBoolean": true,
      "mouseSpeed": 1.0,
      "velocityMode": false,
      "minDeadzone": 0.0,
      "maxDeadzone": 1.0
    },
    "38": {
      "type": "KEYBOARD",
      "jid": -1,
      "code": 56,
      "isBoolean": true,
      "mouseSpeed": 1.0,
      "velocityMode": false,
      "minDeadzone": 0.0,
      "maxDeadzone": 1.0
    },
    "39": {
      "type": "KEYBOARD",
      "jid": -1,
      "code": 57,
      "isBoolean": true,
      "mouseSpeed": 1.0,
      "velocityMode": false,
      "minDeadzone": 0.0,
      "maxDeadzone": 1.0
    },
    "40": {
      "type": "KEYBOARD",
      "jid": -1,
      "code": 320,
      "isBoolean": true,
      "mouseSpeed": 1.0,
      "velocityMode": false,
      "minDeadzone": 0.0,
      "maxDeadzone": 1.0
    },
    "41": {
      "type": "KEYBOARD",
      "jid": -1,
      "code": 321,
      "isBoolean": true,
      "mouseSpeed": 1.0,
      "velocityMode": false,
      "minDeadzone": 0.0,
      "maxDeadzone": 1.0
    },
    "42": {
      "type": "KEYBOARD",
      "jid": -1,
      "code": 322,
      "isBoolean": true,
      "mouseSpeed": 1.0,
      "velocityMode": false,
      "minDeadzone": 0.0,
      "maxDeadzone": 1.0
    },
    "43": {
      "type": "KEYBOARD",
      "jid": -1,
      "code": 323,
      "isBoolean": true,
      "mouseSpeed": 1.0,
      "velocityMode": false,
      "minDeadzone": 0.0,
      "maxDeadzone": 1.0
    },
    "44": {
      "type": "KEYBOARD",
      "jid": -1,
      "code": 324,
      "isBoolean": true,
      "mouseSpeed": 1.0,
      "velocityMode": false,
      "minDeadzone": 0.0,
      "maxDeadzone": 1.0
    },
    "45": {
      "type": "KEYBOARD",
      "jid": -1,
      "code": 325,
      "isBoolean": true,
      "mouseSpeed": 1.0,
      "velocityMode": false,
      "minDeadzone": 0.0,
      "maxDeadzone": 1.0
    },
    "46": {
      "type": "KEYBOARD",
      "jid": -1,
      "code": 326,
      "isBoolean": true,
      "mouseSpeed": 1.0,
      "velocityMode": false,
      "minDeadzone": 0.0,
      "maxDeadzone": 1.0
    },
    "47": {
      "type": "KEYBOARD",
      "jid": -1,
      "code": 327,
      "isBoolean": true,
      "mouseSpeed": 1.0,
      "velocityMode": false,
      "minDeadzone": 0.0,
      "maxDeadzone": 1.0
    },
    "48": {
      "type": "KEYBOARD",
      "jid": -1,
      "code": 328,
      "isBoolean": true,
      "mouseSpeed": 1.0,
      "velocityMode": false,
      "minDeadzone": 0.0,
      "maxDeadzone": 1.0
    },
    "49": {
      "type": "KEYBOARD",
      "jid": -1,
      "code": 329,
      "isBoolean": true,
      "mouseSpeed": 1.0,
      "velocityMode": false,
      "minDeadzone": 0.0,
      "maxDeadzone": 1.0
    }
  }
}