{"campaigns":{"temple_of_duality":{"patrons":[{"uuid":"8c74bf8b-80e5-47e0-a80f-bc17a2e6e70a","name":"xDjoge","months":2,"tier":"IRON"},{"uuid":"79d24580-ddae-4777-8519-c3896aa791bf","name":"MUNZER02","months":2,"tier":"IRON"},{"uuid":"27901bfd-5f41-4f7b-8c7a-c6ab358ba443","name":"The_Aether_Wolf","months":2,"tier":"IRON"},{"uuid":"b689180e-1d4e-436c-8d76-63f1175687be","name":"Enderkiller1","months":2,"tier":"IRON"},{"uuid":"9ba262f1-3b9d-4fac-ba53-86d73bdd33e4","name":"Daleth","months":1,"tier":"COPPER"},{"uuid":"80a3fb0c-52b4-491f-9588-9d60ef6a5327","name":"CoolProGlasses","months":3,"tier":"GOLD"},{"uuid":"51639490-bd76-45fb-9c4e-6de5a840074c","name":"Jackmann527","months":2,"tier":"IRON"},{"uuid":"7a83498c-a018-4743-ac1f-3369424520c4","name":"4PointDragon","months":2,"tier":"IRON"},{"uuid":"d7639ce6-eae5-4fed-86e9-505f0bb43236","name":"Handsome_Toast","months":2,"tier":"IRON"},{"uuid":"88728eb5-bca3-4912-87b4-20f911d00d7c","name":"iiiHighland","months":1,"tier":"COPPER"},{"uuid":"a214fe84-6418-4bbd-9b7e-b2aa48d43527","name":"SignedTundra","months":3,"tier":"GOLD"},{"uuid":"36af7d23-e34f-4277-b28a-65c40b832ab9","name":"BetaRayBillo","months":3,"tier":"GOLD"},{"uuid":"9fbe9c49-2ce7-4ad3-b5e2-f76a5f149e17","name":"DysOkami","months":3,"tier":"GOLD"},{"uuid":"309b2cf6-caa1-4c9a-912d-7b4be827dc8c","name":"Killerjerick","months":3,"tier":"GOLD"},{"uuid":"541850b8-0b36-4f15-9789-db3906d9aa65","name":"Sonic0810","months":1,"tier":"COPPER"},{"uuid":"f2d2d9a9-2b90-4d31-9b2d-84c0a6374fe9","name":"SunPaul","months":1,"tier":"COPPER"},{"uuid":"70992b72-8c0e-44d8-92c0-026301d058ee","name":"SeafoamWolf","months":2,"tier":"IRON"},{"uuid":"aa7bba36-7cb7-4e57-a131-595c784fd478","name":"Fungoolius","months":1,"tier":"COPPER"},{"uuid":"983cf5a8-377d-4685-843b-96d67b4fd856","name":"viiizee","months":2,"tier":"IRON"},{"uuid":"7b759bd0-afb2-4461-a73b-53bb19b740d6","name":"Sam_is_a_human","months":1,"tier":"COPPER"},{"uuid":"2af7a0e0-3831-4b2e-8e0f-1931cb5839c5","name":"RamenJack","months":1,"tier":"COPPER"},{"uuid":"4a202fb7-cfd1-47ae-ab36-b0b525406b74","name":"Derivas","months":1,"tier":"COPPER"},{"uuid":"74496033-e964-4608-b793-d64419064b55","name":"Turfbandit","months":2,"tier":"IRON"},{"uuid":"dc540ed5-402d-4c65-bca6-7c32d24a6a2b","name":"LowReso1ution","months":2,"tier":"IRON"},{"uuid":"f14cfea3-4038-43ee-bceb-8ff8b6831e03","name":"Agent_Lawbook","months":1,"tier":"COPPER"},{"uuid":"0e58fbfa-ffc5-48c3-969c-69c12ef0038f","name":"Ember2528","months":3,"tier":"GOLD"},{"uuid":"e96c7c06-1e00-424a-a1ee-4be8ee00d59f","name":"_SkyeTheLimit_","months":1,"tier":"COPPER"},{"uuid":"f50ac1e8-b73a-4c7f-8f89-b4a869f54976","name":"vitusb","months":2,"tier":"IRON"},{"uuid":"c3160420-61d3-4b21-9fb5-3d2eabba2615","name":"BenTheMelon101","months":1,"tier":"COPPER"},{"uuid":"3c982821-8e93-4080-9fcd-88526fdede80","name":"Olly_Olliver","months":1,"tier":"COPPER"},{"uuid":"08f2a0e5-b3c4-4c4a-a83d-52a66ee5dea0","name":"Topsideauto125","months":1,"tier":"COPPER"},{"uuid":"438b9b6d-a143-45df-a0b8-e0bba5367f39","name":"P1vka","months":1,"tier":"COPPER"},{"uuid":"148aa019-4f74-4093-b479-3105ff69eb4c","name":"rove101","months":2,"tier":"IRON"},{"uuid":"93bcb4eb-e537-48ad-b9e8-e45923710dee","name":"Mrdrewlego","months":3,"tier":"GOLD"},{"uuid":"8834f2b2-48d2-4783-8f7b-92d3d8305ad9","name":"Eisking2","months":3,"tier":"GOLD"},{"uuid":"ea0b15c0-bc2c-47cf-b4f5-2ba063e5aa51","name":"SnifflsLuvsU","months":1,"tier":"COPPER"},{"uuid":"75594525-a3f7-4249-ba10-b9aea8c072e9","name":"Monteywillfred28","months":3,"tier":"GOLD"},{"uuid":"272871a6-b38a-45ed-bbbd-2cf96c7b709d","name":"33FoxWolf66","months":1,"tier":"COPPER"},{"uuid":"3ed36886-4524-4162-9924-262e71b929f6","name":"Waasoo","months":1,"tier":"COPPER"},{"uuid":"6b3ecc1c-9055-4da5-8382-f4d02bf1c79f","name":"Knightmare564","months":2,"tier":"IRON"},{"uuid":"e190b4d2-4caf-44f5-9cbe-47c7f13a82ad","name":"Wollf_boy07","months":1,"tier":"COPPER"},{"uuid":"826f1c4f-222a-4615-bf69-e25257ac7777","name":"AwsomeDude2476","months":2,"tier":"IRON"},{"uuid":"ed39a752-fdb1-4cc9-8e57-0a83d7b60bd9","name":"JakShirrak","months":1,"tier":"COPPER"},{"uuid":"1f76d477-6694-462a-aa9c-4b045eedbc88","name":"pigamer344","months":1,"tier":"COPPER"},{"uuid":"bb6864e5-e6bc-443d-b182-fd89308c4a66","name":"Chaos_Core135","months":1,"tier":"COPPER"},{"uuid":"1d4bbc29-5823-426d-ae8c-6c7c3a06b348","name":"Giga_123","months":2,"tier":"IRON"},{"uuid":"406a8073-4577-4723-8ab5-1e963d3c5db7","name":"No_Stack","months":2,"tier":"IRON"},{"uuid":"6c71fcac-9eee-4119-aade-c60f4cca4615","name":"Viksune","months":1,"tier":"COPPER"},{"uuid":"5aec56aa-64f1-4b75-a387-27ac3a9cf38e","name":"jimcerberus","months":2,"tier":"IRON"},{"uuid":"ab19a9e6-7e51-451f-9b55-259e18cb82b9","name":"ZzamZ34","months":1,"tier":"COPPER"},{"uuid":"0c7596ab-bf12-41a3-9c2c-fa4b202abbc5","name":"MJsBra","months":4,"tier":"DIAMOND"},{"uuid":"65cf13d8-a9ba-4ba4-86c1-2f8e841e5f00","name":"UmeboshiMaru","months":4,"tier":"DIAMOND"},{"uuid":"7bdeee58-6af8-468c-86bd-4d376dd54681","name":"Callister_Corvus","months":4,"tier":"DIAMOND"},{"uuid":"cc1c25ee-2510-416b-898f-c17ee5464e2f","name":"Eyvalyn","months":4,"tier":"DIAMOND"},{"uuid":"1962df5d-1882-4d91-9158-0c0dc07dd2b7","name":"Hex_gone","months":4,"tier":"DIAMOND"},{"uuid":"348e48c3-a132-4e53-b873-23621056a0d8","name":"thehuglet","months":4,"tier":"DIAMOND"},{"uuid":"4dff55cf-0dbb-49be-af47-3e08a6af8e92","name":"tabi46","months":4,"tier":"DIAMOND"},{"uuid":"cd0b28ae-5c7c-40a7-895f-b64d7807c5a8","name":"LaDiamond","months":4,"tier":"DIAMOND"},{"uuid":"d72b468a-a43b-4cc2-a40e-b0e976bd0262","name":"okzerus","months":4,"tier":"DIAMOND"},{"uuid":"8895c3c2-5c10-484e-bcf2-cacf971cecef","name":"TheTrueDuality","months":4,"tier":"DIAMOND"},{"uuid":"1f3de2ce-2a9b-4074-abfe-44ab24e78447","name":"Unavalible_User","months":4,"tier":"DIAMOND"},{"uuid":"ded5260e-0add-4a7a-b857-f7184cf89861","name":"Waffle_Wizard_","months":4,"tier":"DIAMOND"},{"uuid":"387aa6d4-f388-400f-b9c5-1514f238ceae","name":"Amadhe","months":4,"tier":"DIAMOND"},{"uuid":"118365e6-d8c6-4ff4-84a6-516bfedee1f5","name":"Frilled_Shrimpo","months":4,"tier":"DIAMOND"},{"uuid":"b7d84aee-5ef2-4237-a164-dc95eff981ba","name":"TheKekas","months":4,"tier":"DIAMOND"}]}}}