{
  "lightingMode" : {
    "mode" : "NOTHING"
  },
  "physRopeSides" : {
    "minValue" : 2,
    "maxValue" : 10
  },
  "ropeRendererWidth" : {
    "minValue" : 0.0,
    "maxValue" : 5.0
  },
  "ropeRendererSegments" : {
    "minValue" : 1,
    "maxValue" : 128
  },
  "lineRendererWidth" : {
    "minValue" : 0.0,
    "maxValue" : 5.0
  },
  "tubeRopeRendererWidth" : {
    "minValue" : 0.0,
    "maxValue" : 5.0
  },
  "blockRendererScale" : {
    "minValue" : 0.001,
    "maxValue" : 10.0
  },
  "tubeRopeRendererSides" : {
    "minValue" : 1,
    "maxValue" : 32
  },
  "tubeRopeRendererSegments" : {
    "minValue" : 1,
    "maxValue" : 128
  }
}