{
  "extensionDistance" : {
    "minValue" : 0.001,
    "maxValue" : 3.4028235E38
  },
  "massPerBlock" : {
    "minValue" : 1.0,
    "maxValue" : 1.7976931348623157E308
  },
  "scale" : {
    "minValue" : 0.001,
    "maxValue" : 1.7976931348623157E308
  },
  "stiffness" : {
    "minValue" : -3.4028235E38,
    "maxValue" : 3.4028235E38
  },
  "maxForce" : {
    "minValue" : -3.4028235E38,
    "maxValue" : 3.4028235E38
  },
  "damping" : {
    "minValue" : -3.4028235E38,
    "maxValue" : 3.4028235E38
  },
  "maxDistance" : {
    "minValue" : 0.0,
    "maxValue" : 100.0
  },
  "gearRatio" : {
    "minValue" : 0.001,
    "maxValue" : 3.4028235E38
  },
  "physRopeSides" : {
    "minValue" : 2,
    "maxValue" : 10
  },
  "extensionSpeed" : {
    "minValue" : 0.001,
    "maxValue" : 3.4028235E38
  },
  "distanceFromBlock" : {
    "minValue" : 0.0,
    "maxValue" : 1.7976931348623157E308
  },
  "precisePlacementAssistSides" : {
    "minValue" : 2,
    "maxValue" : 11
  },
  "totalMassOfPhysRope" : {
    "minValue" : 0.01,
    "maxValue" : 1.7976931348623157E308
  },
  "physRopeSegments" : {
    "minValue" : 1,
    "maxValue" : 100
  },
  "physRopeAngleLimit" : {
    "minValue" : 0.0,
    "maxValue" : 180.0
  },
  "stripRadius" : {
    "minValue" : 0.0,
    "maxValue" : 10.0
  },
  "physRopeRadius" : {
    "minValue" : 0.01,
    "maxValue" : 10.0
  },
  "thrusterForce" : {
    "minValue" : 1.0,
    "maxValue" : 1.0E100
  },
  "massLimit" : {
    "minValue" : 4.9E-324,
    "maxValue" : 1.7976931348623157E308
  },
  "channelLength" : {
    "sizeLimit" : 50
  },
  "sensorScale" : {
    "minValue" : 0.001,
    "maxValue" : 10.0
  },
  "thrusterScale" : {
    "minValue" : 0.001,
    "maxValue" : 10.0
  },
  "fixedDistance" : {
    "minValue" : -3.4028235E38,
    "maxValue" : 3.4028235E38
  }
}