{
  "block_sounds": {
    "blockSoundsConfig": {
      "overworldStoneVariantSounds": true,
      "clayBrickSounds": true,
      "dirtSounds": true,
      "goldSounds": true,
      "leafSounds": true,
      "lilyPadSounds": true,
      "metalSounds": true,
      "magmaSounds": true,
      "obsidianSounds": true,
      "plantSounds": true,
      "rawOreBlockSounds": true,
      "redstoneWireSounds": true,
      "shulkerBoxSounds": true,
      "smallObjectSounds": true,
      "spawnerSounds": true,
      "stoneBrickSounds": true,
      "stoneOreSounds": true,
      "stringSounds": true,
      "terracottaSounds": true,
      "jukeboxWoodSounds": true,
      "mushroomSounds": true,
      "purpurSounds": true,
      "chorusPlantSounds": true,
      "iceSounds": true,
      "gourdSounds": true,
      "pot_sounds": true,
      "bookshelf_sounds": true
    },
    "falling_in_place_sound": true,
    "jukebox_sounds": true,
    "flower_pot_sounds": true,
    "cake_eating_sounds": true,
    "sculk_shrieker_ambient_sounds": true
  },
  "item_sounds": {
    "ender_pearl_sounds": true,
    "spawn_egg_sounds": true,
    "lead_sounds": true,
    "boat_sounds": true,
    "minecart_sounds": true
  },
  "weapon_sounds": {
    "fist_swinging_sounds": false,
    "sword_swinging_sounds": true,
    "axe_swinging_sounds": false,
    "pickaxe_swinging_sounds": false,
    "shovel_swinging_sounds": false,
    "hoe_swinging_sounds": false,
    "trident_swinging_sounds": true,
    "shear_swinging_sounds": false,
    "bow_pullback_sounds": true,
    "trident_pullback_sounds": true,
    "shield_blocking_sounds": true
  },
  "misc_sounds": {
    "silverfish_step_sounds": true,
    "item_drop_sounds": true
  }
}