{
  "mouthSteam": true,
  "dynamicBreathSpeed": true,
  "bubbleBreath": true,
  "bubbleChests": true,
  "bubblePots": true,
  "waterDrip": true,
  "steamEffect": true,
  "blockPlaceEffect": true,
  "stripEffect": true,
  "fireImprovements": true,
  "campfireImprovements": true,
  "torchImprovements": true,
  "lanternImprovements": true,
  "fireEntitySparks": true,
  "metalHitSparks": true,
  "furnaceSparks": true,
  "cauldronFillEffect": true,
  "caveDust": true,
  "caveDustFrequency": 5,
  "runDust": true,
  "airTrail": true,
  "witherDecay": true,
  "minecartSparks": true
}