{
  "showSkinPreviewOverlay": false,
  "overlayPosition": "BOTTOM_RIGHT",
  "previewScale": 30,
  "guiScale": 1,
  "enablePlayerPreviewCustomization": false,
  "hudOverlayRotation": 20.0,
  "sizeModelPreviewPercentageTitleScreen": 0,
  "sizeModelPreviewPercentageSkinMenu": 0,
  "sizeModelPreviewPercentageCapeMenu": 0,
  "sizeModelPreviewPercentagePauseMenu": 0,
  "sizeModelPreviewPercentageHudOverlay": 30,
  "positionOffsetXTitleScreen": 0,
  "positionOffsetYTitleScreen": 0,
  "positionOffsetXSkinMenu": 0,
  "positionOffsetYSkinMenu": 0,
  "positionOffsetXCapeMenu": 0,
  "positionOffsetYCapeMenu": 0,
  "positionOffsetXPauseMenu": 0,
  "positionOffsetYPauseMenu": 0,
  "positionOffsetXHudOverlay": 0,
  "positionOffsetYHudOverlay": 0,
  "animationSpeed": 1.0,
  "enableSmoothRotation": true,
  "capeAnimationSpeeds": {},
  "maxCachedTextures": 100,
  "networkTimeout": 5000,
  "disableSkinTransparency": false,
  "enableStyledButtons": false,
  "enablePlayerOwnSkinSystem": true,
  "activeSkinHash": "f59c0682ce3be38dca5871e47f8c5cd128713043",
  "activeModelType": "auto",
  "activeCapeHash": "",
  "playerOwnSkinHash": "f59c0682ce3be38dca5871e47f8c5cd128713043"
}